주소,위도,경도,견인횟수,nearest_park,park_위도,park_경도,distance,time
서울특별시 광진구 광장동 201-2,37.5443774,127.1040935,2,광나루역 2번출구앞 ,37.54542277,127.1044155,815,5
서울특별시 광진구 광장동 218-1,37.5431583,127.1041888,2,광장삼성2차아파트 나동,37.542413,127.101819,391,3
서울특별시 광진구 광장동 218-22,37.5444573,127.1047142,1,광나루역 2번출구앞 ,37.54542277,127.1044155,822,5
서울특별시 광진구 광장동 237-12,37.5453874,127.102961,1,광나루역 2번출구앞 ,37.54542277,127.1044155,560,4
서울특별시 광진구 광장동 237-15,37.5448997,127.103842,7,광나루역 2번출구앞 ,37.54542277,127.1044155,719,6
서울특별시 광진구 광장동 238,37.5454656,127.1036117,1,광나루역 2번출구앞 ,37.54542277,127.1044155,267,1
서울특별시 광진구 광장동 322-6,37.5471989,127.1076351,1,광나루역 2번출구앞 ,37.54542277,127.1044155,494,3
서울특별시 광진구 광장동 336-5,37.5479257,127.1071286,1,영성생활관 뒷편,37.550084,127.104732,953,4
서울특별시 광진구 광장동 378-23,37.5493316,127.0996546,5,영성생활관 뒷편,37.550084,127.104732,736,2
서울특별시 광진구 광장동 380-3,37.5489318,127.0981692,2,영성생활관 뒷편,37.550084,127.104732,910,3
서울특별시 광진구 광장동 381,37.5497598,127.0986626,5,영성생활관 뒷편,37.550084,127.104732,835,2
서울특별시 광진구 광장동 381-16,37.549965,127.099742,1,영성생활관 뒷편,37.550084,127.104732,745,2
서울특별시 광진구 광장동 381-74,37.5494389,127.0988672,2,영성생활관 뒷편,37.550084,127.104732,1366,4
서울특별시 광진구 광장동 383-16,37.5499565,127.1003854,6,영성생활관 뒷편,37.550084,127.104732,693,2
서울특별시 광진구 광장동 396-5,37.5452728,127.1020374,1,광나루역 2번출구앞 ,37.54542277,127.1044155,673,5
서울특별시 광진구 광장동 401-21,37.5454321,127.0989112,2,광장삼성2차아파트 나동,37.542413,127.101819,1123,6
서울특별시 광진구 광장동 414-1,37.5445232,127.0982459,1,대교 경정비 건너편,37.541566,127.096836,443,2
서울특별시 광진구 광장동 448-4,37.5430631,127.1021715,1,광장삼성2차아파트 나동,37.542413,127.101819,729,5
서울특별시 광진구 광장동 5-36,37.5538726,127.1104301,1,영성생활관 뒷편,37.550084,127.104732,1124,3
서울특별시 광진구 광장동 509-4,37.5405047,127.0968755,1,대교 경정비,37.541343,127.096574,146,0
서울특별시 광진구 광장동 517-10,37.5418119,127.0955495,1,KFC 광장동점 앞,37.54164324,127.095147,628,3
서울특별시 광진구 광장동 550-11,37.5472234,127.1026232,1,광나루역 2번출구앞 ,37.54542277,127.1044155,406,2
서울특별시 광진구 광장동 551,37.5459758,127.1050515,1,광나루역 2번출구앞 ,37.54542277,127.1044155,80,0
서울특별시 광진구 광장동 569,37.5416036,127.0984751,1,대교 경정비 건너편,37.541566,127.096836,259,2
서울특별시 광진구 광장동 572-2,37.5408895,127.0963488,1,대교 경정비,37.541343,127.096574,81,0
서울특별시 광진구 광장동 576,37.5425096,127.0977483,1,대교 경정비 건너편,37.541566,127.096836,192,1
서울특별시 광진구 광장동 576-2,37.5426868,127.0983169,1,대교 경정비 건너편,37.541566,127.096836,219,1
서울특별시 광진구 광장동 577,37.5441452,127.1015274,1,광장삼성2차아파트 나동,37.542413,127.101819,1042,6
서울특별시 광진구 광장동 580,37.5449476,127.1030064,10,광나루역 2번출구앞 ,37.54542277,127.1044155,538,4
서울특별시 광진구 광장동 580-1,37.5447097,127.1036893,2,광나루역 2번출구앞 ,37.54542277,127.1044155,694,6
서울특별시 광진구 광장동 581,37.5425728,127.0952471,1,현대자동차 구의점,37.541973,127.094853,464,2
서울특별시 광진구 구의동 111,37.5497384,127.0905142,1,아차산역 2번출구,37.55131682,127.0902279,209,1
서울특별시 광진구 구의동 131,37.5460756,127.0863853,1,구의사거리,37.545064,127.085321,961,6
서울특별시 광진구 구의동 134,37.5453328,127.0854917,2,구의사거리,37.545064,127.085321,619,3
서울특별시 광진구 구의동 175-1,37.5474664,127.097264,1,구의동 우성식품 앞,37.542473,127.094349,758,4
서울특별시 광진구 구의동 200-2,37.541167,127.0953041,2,KFC 광장동점 앞,37.54164324,127.095147,74,0
서울특별시 광진구 구의동 203-27,37.5445826,127.0899405,6,구의 시장 교차로 ,37.5446142,127.0907347,70,0
서울특별시 광진구 구의동 220-40,37.5387132,127.0888378,1,대박집앞,37.538116,127.089644,317,3
서울특별시 광진구 구의동 220-41,37.5390731,127.0905426,1,대박집앞,37.538116,127.089644,308,3
서울특별시 광진구 구의동 227-17,37.5423253,127.090096,2,신덕하이빌 아파트 앞,37.54249,127.090197,19,0
서울특별시 광진구 구의동 234-1,37.5447856,127.0867815,1,국민은행 구의동지점 앞,37.545024,127.087869,599,5
서울특별시 광진구 구의동 234-18,37.5442892,127.0850565,2,구의사거리,37.545064,127.085321,88,0
서울특별시 광진구 구의동 234-20,37.5442519,127.0847466,2,구의사거리,37.545064,127.085321,869,4
서울특별시 광진구 구의동 235-19,37.5437086,127.0854003,1,구의사거리,37.545064,127.085321,185,1
서울특별시 광진구 구의동 236-21,37.5423292,127.0842232,6,커피 BAY,37.542201,127.083972,62,1
서울특별시 광진구 구의동 236-24,37.5428643,127.0846576,1,GS더프레시 광진구의점,37.54260202,127.0843545,875,3
서울특별시 광진구 구의동 236-47,37.5432002,127.0847848,1,GS더프레시 광진구의점,37.54260202,127.0843545,816,3
서울특별시 광진구 구의동 242-56,37.538524,127.0875158,1,대박집앞,37.538116,127.089644,435,3
서울특별시 광진구 구의동 243-13,37.5380999,127.0889296,2,대박집앞,37.538116,127.089644,188,2
서울특별시 광진구 구의동 243-14,37.5376024,127.0865804,4,위비_75 구의역 1번출구,37.53694579,127.084891,192,2
서울특별시 광진구 구의동 243-4,37.5379392,127.0879697,2,대박집앞,37.538116,127.089644,376,4
서울특별시 광진구 구의동 243-66,37.5375938,127.0870344,10,위비_75 구의역 1번출구,37.53694579,127.084891,200,3
서울특별시 광진구 구의동 243-67,37.5376748,127.0871313,1,위비_75 구의역 1번출구,37.53694579,127.084891,259,4
서울특별시 광진구 구의동 243-7,37.5376233,127.0867582,4,위비_75 구의역 1번출구,37.53694579,127.084891,193,2
서울특별시 광진구 구의동 244-19,37.5382558,127.0895,1,대박집앞,37.538116,127.089644,308,3
서울특별시 광진구 구의동 245-24,37.5380692,127.0890292,32,대박집앞,37.538116,127.089644,187,2
서울특별시 광진구 구의동 246-104,37.5370774,127.0848164,1,위비_75 구의역 1번출구,37.53694579,127.084891,603,5
서울특별시 광진구 구의동 246-111,37.5368592,127.0844581,3,위비_75 구의역 1번출구,37.53694579,127.084891,565,4
서울특별시 광진구 구의동 246-117,37.5371067,127.0846219,1,위비_75 구의역 1번출구,37.53694579,127.084891,383,3
서울특별시 광진구 구의동 246-119,37.5368802,127.0844494,1,위비_75 구의역 1번출구,37.53694579,127.084891,565,4
서울특별시 광진구 구의동 246-14,37.5370435,127.0843831,2,위비_75 구의역 1번출구,37.53694579,127.084891,383,3
서울특별시 광진구 구의동 246-20,37.5368715,127.0843325,6,위비_75 구의역 1번출구,37.53694579,127.084891,555,4
서울특별시 광진구 구의동 246-3,37.5375471,127.0863769,8,위비_75 구의역 1번출구,37.53694579,127.084891,187,2
서울특별시 광진구 구의동 246-39,37.5373798,127.0861661,1,위비_75 구의역 1번출구,37.53694579,127.084891,137,2
서울특별시 광진구 구의동 246-41,37.5374066,127.0860414,1,위비_75 구의역 1번출구,37.53694579,127.084891,143,2
서울특별시 광진구 구의동 246-45,37.5372103,127.0855539,3,위비_75 구의역 1번출구,37.53694579,127.084891,73,1
서울특별시 광진구 구의동 246-76,37.5372364,127.0837893,1,싸다김밥 구의역점 앞,37.537501,127.083538,33,0
서울특별시 광진구 구의동 246-99,37.5368445,127.0838224,6,싸다김밥 구의역점 앞,37.537501,127.083538,82,0
서울특별시 광진구 구의동 250-21,37.5421002,127.0842633,2,커피 BAY,37.542201,127.083972,1231,9
서울특별시 광진구 구의동 250-22,37.5417545,127.0849805,1,자양 하늘채베르 근린생활시설 앞,37.5420218,127.0855712,271,1
서울특별시 광진구 구의동 251-137,37.5418772,127.0842465,1,커피 BAY,37.542201,127.083972,1240,9
서울특별시 광진구 구의동 251-38,37.5405385,127.0834941,1,수협 구의지점,37.54096434,127.0836547,50,0
서울특별시 광진구 구의동 251-53,37.5396334,127.0834414,1,신선설농탕 자양점,37.5402689,127.0829697,639,4
서울특별시 광진구 구의동 252-109,37.5386475,127.083729,1,KCC웰츠타워,37.538329,127.083404,348,1
서울특별시 광진구 구의동 252-131,37.5389421,127.0834499,3,KCC웰츠타워,37.538329,127.083404,567,2
서울특별시 광진구 구의동 252-133,37.538175,127.0835324,1,구의 웰츠타워,37.53805142,127.0834589,374,3
서울특별시 광진구 구의동 252-20,37.5387206,127.0833985,1,KCC웰츠타워,37.538329,127.083404,590,3
서울특별시 광진구 구의동 252-22,37.5376051,127.0842522,1,싸다김밥 구의역점 앞,37.537501,127.083538,84,0
서울특별시 광진구 구의동 252-24,37.5376545,127.084696,1,위비_75 구의역 1번출구,37.53694579,127.084891,317,3
서울특별시 광진구 구의동 253-53,37.5449188,127.0836199,1,구의사거리,37.545064,127.085321,755,3
서울특별시 광진구 구의동 257-139,37.5391526,127.0844876,1,KCC웰츠타워,37.538329,127.083404,379,1
서울특별시 광진구 구의동 38-17,37.5475267,127.0981578,3,광나루역 2번출구앞 ,37.54542277,127.1044155,1102,7
서울특별시 광진구 구의동 53-10,37.552312,127.0899793,5,아차산역 2번출구,37.55131682,127.0902279,499,2
서울특별시 광진구 구의동 53-6,37.5515611,127.0903339,1,아차산역 2번출구,37.55131682,127.0902279,379,2
서울특별시 광진구 구의동 546-11,37.5353757,127.0934453,1,강변역 4번출구 앞,37.535243,127.094464,443,2
서울특별시 광진구 구의동 546-2,37.5369651,127.094616,4,강변역버스환승센터,37.53705702,127.0937968,39,0
서울특별시 광진구 구의동 546-3,37.5356687,127.0946879,12,강변역 4번출구 앞,37.535243,127.094464,356,1
서울특별시 광진구 구의동 546-4,37.5356993,127.095765,6,강변역 4번출구 앞,37.535243,127.094464,592,2
서울특별시 광진구 구의동 546-6,37.5353816,127.0945451,2,강변역 4번출구 앞,37.535243,127.094464,378,1
서울특별시 광진구 구의동 546-7,37.5353396,127.0929309,1,비바힐스 강변,37.535121,127.09151,610,3
서울특별시 광진구 구의동 58-16,37.5493832,127.0931689,1,아차산역 2번출구,37.55131682,127.0902279,390,3
서울특별시 광진구 구의동 588-1,37.5366682,127.0936821,1,강변역버스환승센터,37.53705702,127.0937968,1004,4
서울특별시 광진구 구의동 59-1,37.5490108,127.0920224,1,아차산역 2번출구,37.55131682,127.0902279,561,3
서울특별시 광진구 구의동 59-11,37.5487155,127.0922921,2,아차산역 2번출구,37.55131682,127.0902279,441,1
서울특별시 광진구 구의동 611,37.5386271,127.0958742,1,구의 삼성쉐르빌 앞,37.54029596,127.0945789,899,4
서울특별시 광진구 구의동 658,37.5375813,127.0938987,2,세양아파트,37.537588,127.093497,1017,4
서울특별시 광진구 구의동 663-2,37.5481091,127.0928518,3,아차산역 2번출구,37.55131682,127.0902279,540,2
서울특별시 광진구 구의동 665,37.5513375,127.0905584,2,아차산역 2번출구,37.55131682,127.0902279,368,2
서울특별시 광진구 구의동 668-6,37.545612,127.0889324,1,국민은행 구의동지점 앞,37.545024,127.087869,238,1
서울특별시 광진구 구의동 71-1,37.5493218,127.0904011,1,아차산역 2번출구,37.55131682,127.0902279,261,1
서울특별시 광진구 구의동 73-1,37.5497028,127.0907232,1,아차산역 2번출구,37.55131682,127.0902279,199,0
서울특별시 광진구 구의동 73-17,37.5493728,127.0912529,1,아차산역 2번출구,37.55131682,127.0902279,483,2
서울특별시 광진구 구의동 73-2,37.5496453,127.0908219,1,아차산역 2번출구,37.55131682,127.0902279,198,0
서울특별시 광진구 구의동 73-27,37.549577,127.0910995,1,아차산역 2번출구,37.55131682,127.0902279,509,2
서울특별시 광진구 구의동 73-6,37.5494536,127.0910623,1,아차산역 2번출구,37.55131682,127.0902279,501,2
서울특별시 광진구 구의동 73-9,37.5491667,127.0916109,1,아차산역 2번출구,37.55131682,127.0902279,407,1
서울특별시 광진구 구의동 89,37.5513393,127.0925889,1,아차산역 2번출구,37.55131682,127.0902279,390,3
서울특별시 광진구 구의동 91,37.5493093,127.0921831,6,아차산역 2번출구,37.55131682,127.0902279,287,2
서울특별시 광진구 구의동 94,37.5523043,127.0895968,1,아차산역 2번출구,37.55131682,127.0902279,534,3
서울특별시 광진구 구의동 95-2,37.5515697,127.0907951,4,아차산역 2번출구,37.55131682,127.0902279,339,2
서울특별시 광진구 구의동 96,37.5513141,127.0899978,5,아차산역 2번출구,37.55131682,127.0902279,268,2
서울특별시 광진구 군자동 1-1,37.5554749,127.0782008,8,국민은행 군자역지점,37.555689,127.07847,338,1
서울특별시 광진구 군자동 1-10,37.5546997,127.077762,2,국대떡볶이 군자,37.55548761,127.0786759,539,4
서울특별시 광진구 군자동 1-11,37.5545454,127.0777077,2,국대떡볶이 군자,37.55548761,127.0786759,606,4
서울특별시 광진구 군자동 1-2,37.5553494,127.0781539,2,국민은행 군자역지점,37.555689,127.07847,476,2
서울특별시 광진구 군자동 1-3,37.5551004,127.0778735,1,국대떡볶이 군자,37.55548761,127.0786759,565,4
서울특별시 광진구 군자동 1-4,37.5552154,127.0780872,1,국대떡볶이 군자,37.55548761,127.0786759,584,4
서울특별시 광진구 군자동 1-5,37.5551086,127.0780283,1,국대떡볶이 군자,37.55548761,127.0786759,571,4
서울특별시 광진구 군자동 1-7,37.5548885,127.0779085,3,국대떡볶이 군자,37.55548761,127.0786759,545,4
서울특별시 광진구 군자동 102-16,37.5525185,127.0717286,5,세종대학교 영실관,37.552103,127.073,202,1
서울특별시 광진구 군자동 103,37.5525873,127.0720813,1,세종대학교 영실관,37.552103,127.073,172,0
서울특별시 광진구 군자동 111-2,37.553235,127.0729822,4,세종대학교 영실관,37.552103,127.073,168,1
서울특별시 광진구 군자동 2-1,37.5543652,127.0776398,1,국대떡볶이 군자,37.55548761,127.0786759,607,4
서울특별시 광진구 군자동 2-3,37.5541144,127.077503,4,천지빌딩 앞,37.55296858,127.0773579,394,3
서울특별시 광진구 군자동 2-51,37.5539176,127.0773765,1,천지빌딩 앞,37.55296858,127.0773579,395,3
서울특별시 광진구 군자동 2-52,37.5537264,127.0773102,1,천지빌딩 앞,37.55296858,127.0773579,347,2
서울특별시 광진구 군자동 207-11,37.5528927,127.0722812,1,세종대학교 영실관,37.552103,127.073,137,0
서울특별시 광진구 군자동 207-18,37.5544877,127.0734023,2,세종대학교 영실관,37.552103,127.073,376,2
서울특별시 광진구 군자동 216,37.5479832,127.0743434,1,어린이대공원역 5번출구 뒷편,37.547996,127.074501,14,0
서울특별시 광진구 군자동 224,37.5524855,127.0761656,1,보난자커피 앞 ,37.55159971,127.0764383,131,1
서울특별시 광진구 군자동 226,37.5515329,127.0755151,13,보난자커피 앞 ,37.55159971,127.0764383,316,1
서울특별시 광진구 군자동 228,37.552055,127.0764365,1,보난자커피 앞 ,37.55159971,127.0764383,53,0
서울특별시 광진구 군자동 235,37.5522336,127.0765244,5,보난자커피 앞 ,37.55159971,127.0764383,67,0
서울특별시 광진구 군자동 236,37.5519413,127.0763531,2,보난자커피 앞 ,37.55159971,127.0764383,56,0
서울특별시 광진구 군자동 242,37.5529372,127.0768995,1,천지빌딩 앞,37.55296858,127.0773579,272,1
서울특별시 광진구 군자동 243,37.5527854,127.0767872,1,천지빌딩 앞,37.55296858,127.0773579,218,1
서울특별시 광진구 군자동 247,37.5524835,127.0766376,2,천지빌딩 앞,37.55296858,127.0773579,182,1
서울특별시 광진구 군자동 250,37.551319,127.0761344,1,보난자커피 앞 ,37.55159971,127.0764383,379,2
서울특별시 광진구 군자동 27-2,37.5535222,127.0771404,1,천지빌딩 앞,37.55296858,127.0773579,352,2
서울특별시 광진구 군자동 27-3,37.5533554,127.0770477,1,천지빌딩 앞,37.55296858,127.0773579,436,3
서울특별시 광진구 군자동 27-4,37.5532096,127.0768478,5,천지빌딩 앞,37.55296858,127.0773579,288,2
서울특별시 광진구 군자동 270,37.551712,127.0763045,1,보난자커피 앞 ,37.55159971,127.0764383,52,0
서울특별시 광진구 군자동 311-1,37.5485604,127.0731815,3,세종대학교 집현관,37.54922,127.0741,957,6
서울특별시 광진구 군자동 313,37.5518104,127.0765659,12,보난자커피 앞 ,37.55159971,127.0764383,33,0
서울특별시 광진구 군자동 317,37.5509062,127.0761327,1,세종스포츠정형외과의원,37.55093,127.076176,654,5
서울특별시 광진구 군자동 342-27,37.5515149,127.0711785,1,세종대학교 영실관,37.552103,127.073,328,1
서울특별시 광진구 군자동 344-14,37.5511137,127.0708747,3,세종대학교 영실관,37.552103,127.073,404,2
서울특별시 광진구 군자동 344-15,37.5510677,127.071087,1,세종대학교 영실관,37.552103,127.073,384,1
서울특별시 광진구 군자동 344-20,37.5513174,127.0702516,1,세종대학교 영실관,37.552103,127.073,464,2
서울특별시 광진구 군자동 345-24,37.5506353,127.0709957,2,세종대학교 광개토관,37.550105,127.073479,1117,6
서울특별시 광진구 군자동 346-42,37.5481723,127.0723192,17,다이소 화양동점,37.5478835,127.0707552,318,2
서울특별시 광진구 군자동 355-8,37.5495017,127.0682241,2,하나은행 화양동지점,37.548236,127.067516,875,5
서울특별시 광진구 군자동 360-20,37.5485676,127.07022,2,육회2990 군자점 앞,37.548166,127.070298,206,2
서울특별시 광진구 군자동 360-22,37.5489473,127.0706552,1,육회2990 군자점 앞,37.548166,127.070298,119,1
서울특별시 광진구 군자동 360-45,37.5482291,127.0700407,1,육회2990 군자점 앞,37.548166,127.070298,351,3
서울특별시 광진구 군자동 361-3,37.548126,127.0707328,1,다이소화양동점,37.54791469,127.0706429,34,1
서울특별시 광진구 군자동 362-11,37.5490567,127.0721179,5,세종대학교 광개토관,37.550105,127.073479,1049,4
서울특별시 광진구 군자동 363,37.5508872,127.0713231,2,세종대학교 영실관,37.552103,127.073,415,2
서울특별시 광진구 군자동 372-1,37.5490295,127.0731988,1,세종대학교 집현관,37.54922,127.0741,1025,4
서울특별시 광진구 군자동 374,37.5476677,127.074061,8,어린이대공원역 5번출구,37.54784504,127.0744082,1435,9
서울특별시 광진구 군자동 374-18,37.5475782,127.0741252,1,어린이대공원역 5번출구,37.54784504,127.0744082,1430,9
서울특별시 광진구 군자동 374-19,37.5476282,127.0729865,2,어린이대공원역 4번출구,37.5468488,127.0737587,621,5
서울특별시 광진구 군자동 374-21,37.5473453,127.0743501,7,어린이대공원역 3번출구,37.54702433,127.0746327,68,1
서울특별시 광진구 군자동 374-35,37.5474944,127.0742091,66,어린이대공원역 5번출구,37.54784504,127.0744082,1426,9
서울특별시 광진구 군자동 374-4,37.5477325,127.0733176,1,어린이대공원역 5번출구,37.54784504,127.0744082,1611,12
서울특별시 광진구 군자동 374-9,37.5476071,127.0738047,2,어린이대공원역 5번출구,37.54784504,127.0744082,1657,12
서울특별시 광진구 군자동 467-20,37.557892,127.076627,2,군자역 8번출구 수협 앞 ,37.5574,127.078392,170,1
서울특별시 광진구 군자동 47-1,37.5547717,127.0780602,15,국대떡볶이 군자,37.55548761,127.0786759,674,4
서울특별시 광진구 군자동 47-2,37.5531399,127.0772116,18,천지빌딩 앞,37.55296858,127.0773579,266,1
서울특별시 광진구 군자동 473-18,37.5572187,127.078386,3,군자역 8번 출구,37.55733776,127.078397,238,0
서울특별시 광진구 군자동 473-32,37.5578422,127.0770869,2,군자역 8번출구 수협 앞 ,37.5574,127.078392,123,0
서울특별시 광진구 군자동 476-1,37.5566891,127.0782628,1,군자역 8번 출구,37.55733776,127.078397,207,0
서울특별시 광진구 군자동 476-6,37.5562143,127.0778949,1,국민은행 군자역지점,37.555689,127.07847,265,1
서울특별시 광진구 군자동 476-7,37.5561035,127.0778064,1,국민은행 군자역지점,37.555689,127.07847,279,1
서울특별시 광진구 군자동 476-8,37.5559889,127.0777061,1,국민은행 군자역지점,37.555689,127.07847,295,1
서울특별시 광진구 군자동 477-19,37.5564907,127.0787079,2,메가박스군자,37.55575194,127.0785684,126,0
서울특별시 광진구 군자동 477-28,37.5561394,127.0786843,2,메가박스군자,37.55575194,127.0785684,43,0
서울특별시 광진구 군자동 477-29,37.5557396,127.0784627,4,국민은행 군자역지점,37.555689,127.07847,4,0
서울특별시 광진구 군자동 478-1,37.5571506,127.078655,24,군자역 8번 출구,37.55733776,127.078397,245,1
서울특별시 광진구 군자동 478-5,37.5568876,127.0788413,13,군자역 8번 출구,37.55733776,127.078397,241,1
서울특별시 광진구 군자동 48-24,37.5543277,127.0748064,1,천지빌딩 앞,37.55296858,127.0773579,666,3
서울특별시 광진구 군자동 482,37.5577586,127.0750337,5,군자역 8번출구 수협 앞 ,37.5574,127.078392,425,2
서울특별시 광진구 군자동 484,37.5584017,127.0758791,3,군자역 8번출구 수협 앞 ,37.5574,127.078392,247,1
서울특별시 광진구 군자동 489,37.5571574,127.0765053,12,군자역 8번 출구,37.55733776,127.078397,253,1
서울특별시 광진구 군자동 49-53,37.55488,127.0754446,1,천지빌딩 앞,37.55296858,127.0773579,708,4
서울특별시 광진구 군자동 493,37.555662,127.0771817,2,국민은행 군자역지점,37.555689,127.07847,352,1
서울특별시 광진구 군자동 496,37.5573959,127.0788308,3,군자역 8번출구 수협 앞 ,37.5574,127.078392,414,2
서울특별시 광진구 군자동 497,37.5573451,127.0786309,2,군자역 8번 출구,37.55733776,127.078397,261,1
서울특별시 광진구 군자동 498,37.5566612,127.0779868,42,군자역 8번 출구,37.55733776,127.078397,221,0
서울특별시 광진구 군자동 499,37.5564277,127.0789665,24,메가박스군자,37.55575194,127.0785684,82,0
서울특별시 광진구 군자동 502,37.5556681,127.0785544,7,국민은행 군자역지점,37.555689,127.07847,2,0
서울특별시 광진구 군자동 503,37.5484375,127.0710871,25,다이소 화양동점,37.5478835,127.0707552,156,1
서울특별시 광진구 군자동 503-1,37.5484565,127.0709253,6,육회2990 군자점 앞,37.548166,127.070298,69,0
서울특별시 광진구 군자동 55-1,37.5555507,127.0756105,5,국민은행 군자역지점,37.555689,127.07847,720,3
서울특별시 광진구 군자동 64-2,37.5542917,127.0750482,16,천지빌딩 앞,37.55296858,127.0773579,754,4
서울특별시 광진구 군자동 65-3,37.5540914,127.075049,2,천지빌딩 앞,37.55296858,127.0773579,623,3
서울특별시 광진구 군자동 66-11,37.554109,127.0752542,1,천지빌딩 앞,37.55296858,127.0773579,638,4
서울특별시 광진구 군자동 66-9,37.5542618,127.0752519,1,천지빌딩 앞,37.55296858,127.0773579,651,4
서울특별시 광진구 군자동 70-3,37.5549389,127.0764615,1,국민은행 군자역지점,37.555689,127.07847,452,1
서울특별시 광진구 군자동 79-2,37.5551458,127.0772818,6,국민은행 군자역지점,37.555689,127.07847,412,1
서울특별시 광진구 군자동 98,37.5507345,127.0741314,4,세종대학교 학술정보원,37.551176,127.0741,41,0
서울특별시 광진구 군자동 98-2,37.5484886,127.0748582,5,어린이대공원역 5번출구 뒷편,37.547996,127.074501,73,0
서울특별시 광진구 군자동 98-22,37.5504474,127.0759516,1,투썸플레이스 세종대점,37.550383,127.075849,191,1
서울특별시 광진구 군자동 98-23,37.5500575,127.0757788,3,투썸플레이스 세종대점,37.550383,127.075849,145,1
서울특별시 광진구 능동 18,37.5495886,127.081578,14,겨울자전거_어대공주차장,37.5507097,127.0763185,1078,6
서울특별시 광진구 능동 18-11,37.5468015,127.0778337,2,피자유니온,37.545763,127.07735,929,7
서울특별시 광진구 능동 18-43,37.5474429,127.0754399,1,어린이대공원역 2번 출구,37.547127,127.075021,12,0
서울특별시 광진구 능동 18-47,37.5486211,127.0750733,4,세종대학교 정문,37.549111,127.075205,57,0
서울특별시 광진구 능동 220-4,37.5564673,127.0803352,5,군자역 5번출구,37.55673953,127.080013,289,1
서울특별시 광진구 능동 220-6,37.5566031,127.0799835,14,군자역 5번출구,37.55673953,127.080013,315,1
서울특별시 광진구 능동 221-23,37.5554053,127.0789005,1,국대떡볶이 군자,37.55548761,127.0786759,22,0
서울특별시 광진구 능동 247-11,37.5544051,127.0856189,1,군자 정우빌딩 앞,37.55613197,127.0815418,1054,4
서울특별시 광진구 능동 255-5,37.5534292,127.0878454,2,아차산역 2번출구,37.55131682,127.0902279,590,5
서울특별시 광진구 능동 256-16,37.554252,127.0863486,1,아차산역 2번출구,37.55131682,127.0902279,748,7
서울특별시 광진구 능동 265-10,37.5562729,127.0813995,2,군자 정우빌딩 앞,37.55613197,127.0815418,17,0
서울특별시 광진구 능동 269-1,37.556192,127.0796489,13,군자역 5번출구,37.55673953,127.080013,199,1
서울특별시 광진구 능동 269-2,37.554992,127.0791508,1,국대떡볶이 군자,37.55548761,127.0786759,80,0
서울특별시 광진구 능동 269-6,37.5560939,127.0803856,6,군자역 5번출구,37.55673953,127.080013,253,1
서울특별시 광진구 능동 276-1,37.5565314,127.080133,4,군자역 5번출구,37.55673953,127.080013,300,1
서울특별시 광진구 능동 276-2,37.5567097,127.0797015,4,군자역 5번출구,37.55673953,127.080013,24,0
서울특별시 광진구 능동 276-3,37.5565877,127.0795276,3,군자역 5번출구,37.55673953,127.080013,156,1
서울특별시 광진구 능동 276-4,37.5564635,127.0794563,3,군자역 5번출구,37.55673953,127.080013,156,1
서울특별시 광진구 능동 276-5,37.5566288,127.0801922,1,군자역 5번출구,37.55673953,127.080013,352,2
서울특별시 광진구 능동 279-10,37.5556349,127.0788765,5,국대떡볶이 군자,37.55548761,127.0786759,338,2
서울특별시 광진구 능동 279-2,37.5562243,127.0793201,28,군자역 5번출구,37.55673953,127.080013,157,1
서울특별시 광진구 능동 279-3,37.5560395,127.0792184,16,메가박스군자,37.55575194,127.0785684,527,3
서울특별시 광진구 능동 279-4,37.5558576,127.0791002,12,메가박스군자,37.55575194,127.0785684,708,5
서울특별시 광진구 능동 279-5,37.5555987,127.0789771,9,국대떡볶이 군자,37.55548761,127.0786759,98,0
서울특별시 광진구 능동 279-8,37.5554427,127.0788007,7,국대떡볶이 군자,37.55548761,127.0786759,12,0
서울특별시 광진구 능동 279-9,37.556075,127.0791175,9,메가박스군자,37.55575194,127.0785684,685,4
서울특별시 광진구 능동 280-1,37.5542596,127.0780253,20,국대떡볶이 군자,37.55548761,127.0786759,252,1
서울특별시 광진구 능동 281-5,37.5518242,127.077193,2,보난자커피 앞 ,37.55159971,127.0764383,88,1
서울특별시 광진구 능동 282-1,37.5551353,127.0786842,17,국대떡볶이 군자,37.55548761,127.0786759,396,2
서울특별시 광진구 능동 282-10,37.5548112,127.078518,2,국대떡볶이 군자,37.55548761,127.0786759,482,2
서울특별시 광진구 능동 282-2,37.5549293,127.0785824,4,국대떡볶이 군자,37.55548761,127.0786759,420,2
서울특별시 광진구 능동 282-3,37.5546983,127.0784638,1,국대떡볶이 군자,37.55548761,127.0786759,483,2
서울특별시 광진구 능동 282-5,37.5545488,127.0784637,1,국대떡볶이 군자,37.55548761,127.0786759,502,2
서울특별시 광진구 능동 282-6,37.5544693,127.0783326,10,국대떡볶이 군자,37.55548761,127.0786759,513,2
서울특별시 광진구 능동 283-15,37.5538514,127.0780439,5,천지빌딩 앞,37.55296858,127.0773579,203,0
서울특별시 광진구 능동 283-26,37.5535888,127.0778635,2,천지빌딩 앞,37.55296858,127.0773579,293,1
서울특별시 광진구 능동 283-4,37.5541968,127.0781934,2,국대떡볶이 군자,37.55548761,127.0786759,235,1
서울특별시 광진구 능동 283-6,37.5529648,127.0775577,2,천지빌딩 앞,37.55296858,127.0773579,17,0
서울특별시 광진구 능동 283-7,37.5540542,127.0781143,3,천지빌딩 앞,37.55296858,127.0773579,264,1
서울특별시 광진구 능동 315-14,37.5520617,127.0771333,5,보난자커피 앞 ,37.55159971,127.0764383,74,1
서울특별시 광진구 능동 315-18,37.5523627,127.0774716,2,천지빌딩 앞,37.55296858,127.0773579,113,0
서울특별시 광진구 능동 315-2,37.5527601,127.0775032,1,천지빌딩 앞,37.55296858,127.0773579,20,0
서울특별시 광진구 능동 315-3,37.552617,127.0774332,2,천지빌딩 앞,37.55296858,127.0773579,19,0
서울특별시 광진구 능동 315-9,37.5519353,127.0770971,2,보난자커피 앞 ,37.55159971,127.0764383,76,1
서울특별시 광진구 능동 316-1,37.5517683,127.0770711,2,보난자커피 앞 ,37.55159971,127.0764383,80,1
서울특별시 광진구 능동 339-2,37.5493448,127.0754819,14,겨울자전거_어린이대공원,37.54914942,127.0756215,642,5
서울특별시 광진구 능동 436-7,37.5514604,127.0766009,1,보난자커피 앞 ,37.55159971,127.0764383,59,1
서울특별시 광진구 능동 453-10,37.551502,127.0766378,1,보난자커피 앞 ,37.55159971,127.0764383,54,1
서울특별시 광진구 능동 463-1,37.5476115,127.0746156,13,어린이대공원역 5번출구,37.54784504,127.0744082,984,6
서울특별시 광진구 능동 465-10,37.5465522,127.0760591,1,어린이 대공원 부근 가츠시,37.546446,127.075817,367,3
서울특별시 광진구 아차산로 382,37.5366625,127.085267,1,위비_75 구의역 1번출구,37.53694579,127.084891,719,5
서울특별시 광진구 자양동 1-6,37.5400908,127.0697292,3,건대입구역 4번출구 앞 자전거 거치대,37.539966,127.071014,725,3
서울특별시 광진구 자양동 2-3,37.5385953,127.0691436,1,위비_193,37.53871723,127.0701029,352,1
서울특별시 광진구 자양동 2-7,37.5387483,127.0692988,2,위비_193,37.53871723,127.0701029,352,1
서울특별시 광진구 자양동 204-1,37.5367608,127.0832751,9,겨울자전거_대림부동산,37.53677041,127.0828096,36,0
서울특별시 광진구 자양동 205-2,37.5404132,127.0832724,1,신선설농탕 자양점,37.5402689,127.0829697,24,0
서울특별시 광진구 자양동 205-6,37.5385198,127.0832389,1,KCC웰츠타워,37.538329,127.083404,411,2
서울특별시 광진구 자양동 216-14,37.537084,127.086111,1,위비_75 구의역 1번출구,37.53694579,127.084891,107,1
서울특별시 광진구 자양동 216-26,37.5364387,127.0839767,2,기아 광진점,37.5358295,127.084207,425,3
서울특별시 광진구 자양동 216-3,37.5369018,127.0860374,1,위비_75 구의역 1번출구,37.53694579,127.084891,897,10
서울특별시 광진구 자양동 216-31,37.5367244,127.0849762,1,위비_75 구의역 1번출구,37.53694579,127.084891,991,10
서울특별시 광진구 자양동 216-8,37.5363864,127.084677,4,위비_75 구의역 1번출구,37.53694579,127.084891,655,4
서울특별시 광진구 자양동 216-9,37.5365959,127.0850189,4,위비_75 구의역 1번출구,37.53694579,127.084891,699,4
서울특별시 광진구 자양동 219-1,37.5361077,127.0834853,1,느티나무약국,37.5356457,127.0836106,82,0
서울특별시 광진구 자양동 219-16,37.5370392,127.0814014,2,겨울자전거_대림부동산,37.53723994,127.0809106,443,2
서울특별시 광진구 자양동 219-5,37.5364337,127.0826331,1,겨울자전거_대림부동산,37.53677041,127.0828096,479,4
서울특별시 광진구 자양동 222-18,37.5361823,127.0801133,1,겨울자전거_대림부동산,37.53723994,127.0809106,638,3
서울특별시 광진구 자양동 224-17,37.5379753,127.0777591,1,성수 테라팰리스 앞,37.538096,127.077624,15,0
서울특별시 광진구 자양동 227-325,37.538218,127.070329,1,위비_193,37.53871723,127.0701029,626,4
서울특별시 광진구 자양동 227-336,37.5382901,127.0745698,5,겨울자전거_카페인모아,37.5384597,127.0753355,142,0
서울특별시 광진구 자양동 227-341,37.5377773,127.0740208,1,스타시티몰 2,37.5378028,127.0726322,126,1
서울특별시 광진구 자양동 227-342,37.5387882,127.0711369,7,건대입구 롯데백화점 앞,37.5387882,127.0711369,0,0
서울특별시 광진구 자양동 227-346,37.5380143,127.0701486,2,광진문화예술회관,37.53748665,127.0698566,783,2
서울특별시 광진구 자양동 227-348,37.5377964,127.0700375,1,광진문화예술회관,37.53748665,127.0698566,809,2
서울특별시 광진구 자양동 227-7,37.5378028,127.0726322,3,스타시티몰 2,37.5378028,127.0726322,0,0
서울특별시 광진구 자양동 227-8,37.5375641,127.0699241,5,광진문화예술회관,37.53748665,127.0698566,2,0
서울특별시 광진구 자양동 227-9,37.5384283,127.0757863,4,중앙농협 건대점,37.5382134,127.0755469,533,3
서울특별시 광진구 자양동 43-13,37.5365089,127.0637382,1,영동교 골목시장 입구,37.53897458,127.0624117,466,1
서울특별시 광진구 자양동 43-56,37.5335436,127.0675907,1,coffee the sol,37.5329888,127.0680604,418,2
서울특별시 광진구 자양동 469-1,37.532125,127.0721421,1,이튼타워리버5차,37.5321852,127.0690312,417,1
서울특별시 광진구 자양동 493-3,37.5315227,127.0706195,1,이튼타워리버5차,37.5321852,127.0690312,216,0
서울특별시 광진구 자양동 497-2,37.5330664,127.0705813,28,이튼타워리버5차,37.5321852,127.0690312,195,0
서울특별시 광진구 자양동 504,37.5345981,127.0691877,2,신양초등학교,37.53526307,127.0690822,273,1
서울특별시 광진구 자양동 504-2,37.5342252,127.0689655,2,신양초등학교,37.53526307,127.0690822,283,1
서울특별시 광진구 자양동 507-27,37.5353916,127.0687572,1,신양초등학교,37.53526307,127.0690822,422,1
서울특별시 광진구 자양동 507-36,37.5356387,127.0691437,5,이튼타워리버 2차 앞 ,37.53569603,127.0688804,477,1
서울특별시 광진구 자양동 507-43,37.535284,127.0691312,1,신양초등학교,37.53526307,127.0690822,4,0
서울특별시 광진구 자양동 507-6,37.5355048,127.0691643,2,신양초등학교,37.53526307,127.0690822,69,0
서울특별시 광진구 자양동 508-9,37.5356578,127.0670882,5,이튼타워리버 2차 앞 ,37.53569603,127.0688804,190,1
서울특별시 광진구 자양동 510-5,37.5369127,127.0696803,1,광진문화예술회관,37.53748665,127.0698566,77,0
서울특별시 광진구 자양동 510-6,37.5365439,127.0690731,2,이튼타워리버 2차 앞 ,37.53569603,127.0688804,1294,5
서울특별시 광진구 자양동 510-9,37.5356139,127.0695836,1,신양초등학교,37.53526307,127.0690822,94,0
서울특별시 광진구 자양동 515-1,37.5367331,127.0705945,1,광진문화예술회관(1),37.5375194,127.0706501,89,0
서울특별시 광진구 자양동 515-2,37.5362412,127.0714855,1,광진문화예술회관(1),37.5375194,127.0706501,239,1
서울특별시 광진구 자양동 517,37.5355419,127.0721826,2,스타시티몰 2,37.5378028,127.0726322,515,2
서울특별시 광진구 자양동 519-3,37.5355113,127.0722056,1,스타시티몰 2,37.5378028,127.0726322,518,2
서울특별시 광진구 자양동 520,37.5341945,127.0743074,1,자양우성1차아파트 106동,37.5344086,127.0755737,158,0
서울특별시 광진구 자양동 520-8,37.5337534,127.0748733,4,자양우성1차아파트 106동,37.5344086,127.0755737,124,0
서울특별시 광진구 자양동 520-9,37.5336296,127.0749787,1,자양우성1차아파트 106동,37.5344086,127.0755737,135,0
서울특별시 광진구 자양동 533-12,37.536894,127.0715909,1,광진문화예술회관(1),37.5375194,127.0706501,105,0
서울특별시 광진구 자양동 533-13,37.5365076,127.0727446,3,스타시티몰 2,37.5378028,127.0726322,394,2
서울특별시 광진구 자양동 533-3,37.5370917,127.0703584,2,광진문화예술회관(1),37.5375194,127.0706501,23,0
서울특별시 광진구 자양동 536,37.5368081,127.0716418,1,광진문화예술회관(1),37.5375194,127.0706501,112,0
서울특별시 광진구 자양동 550-2,37.5349742,127.068388,6,신양초등학교,37.53526307,127.0690822,1386,5
서울특별시 광진구 자양동 553-19,37.5350328,127.0671576,1,이튼타워리버 2차 앞 ,37.53569603,127.0688804,217,1
서울특별시 광진구 자양동 553-241,37.5337125,127.0712985,1,신양초등학교,37.53526307,127.0690822,328,2
서울특별시 광진구 자양동 553-274,37.533146,127.0690415,1,coffee the sol,37.5329888,127.0680604,126,0
서울특별시 광진구 자양동 553-29,37.5335509,127.068617,2,coffee the sol,37.5329888,127.0680604,566,3
서울특별시 광진구 자양동 553-476,37.5343064,127.0683555,1,신양초등학교,37.53526307,127.0690822,333,2
서울특별시 광진구 자양동 553-500,37.5344826,127.0713389,1,신양초등학교,37.53526307,127.0690822,218,1
서울특별시 광진구 자양동 553-532,37.5348991,127.0699123,3,신양초등학교,37.53526307,127.0690822,83,0
서울특별시 광진구 자양동 553-649,37.5341651,127.068124,1,coffee the sol,37.5329888,127.0680604,680,5
서울특별시 광진구 자양동 553-666,37.5332285,127.06904,1,coffee the sol,37.5329888,127.0680604,132,0
서울특별시 광진구 자양동 554-3,37.53395,127.0687643,3,coffee the sol,37.5329888,127.0680604,615,3
서울특별시 광진구 자양동 559-10,37.5355154,127.0721823,1,스타시티몰 2,37.5378028,127.0726322,518,2
서울특별시 광진구 자양동 559-2,37.5357585,127.0664069,2,이튼타워리버 2차 앞 ,37.53569603,127.0688804,252,1
서울특별시 광진구 자양동 559-22,37.5331203,127.0729366,2,자양우성1차아파트 106동,37.5344086,127.0755737,717,5
서울특별시 광진구 자양동 559-24,37.5325681,127.0716596,1,이튼타워리버5차,37.5321852,127.0690312,282,1
서울특별시 광진구 자양동 559-7,37.5374251,127.0694905,1,광진문화예술회관,37.53748665,127.0698566,861,3
서울특별시 광진구 자양동 57-114,37.5335596,127.0625149,1,뚝섬유원지역 1번 출구 부근,37.532187,127.067276,967,5
서울특별시 광진구 자양동 578-2,37.5351845,127.0754156,1,자양우성4차아파트,37.5351857,127.0757955,10,0
서울특별시 광진구 자양동 578-5,37.5354598,127.0755694,1,자양우성4차아파트,37.5351857,127.0757955,23,0
서울특별시 광진구 자양동 578-8,37.5354658,127.0753278,1,자양우성4차아파트,37.5351857,127.0757955,35,0
서울특별시 광진구 자양동 579,37.5344086,127.0755737,1,자양우성1차아파트 106동,37.5344086,127.0755737,0,0
서울특별시 광진구 자양동 579-2,37.5348377,127.0752859,1,자양우성1차아파트 106동,37.5344086,127.0755737,104,0
서울특별시 광진구 자양동 607-9,37.5322778,127.0782412,1,할매순대국,37.5324828,127.0785747,31,1
서울특별시 광진구 자양동 65-11,37.5337995,127.0677282,4,coffee the sol,37.5329888,127.0680604,449,3
서울특별시 광진구 자양동 65-2,37.5326587,127.0672041,18,뚝섬유원지역 1번 출구 부근,37.532187,127.067276,364,2
서울특별시 광진구 자양동 710-1,37.5355482,127.0839566,2,느티나무약국,37.5356457,127.0836106,301,1
서울특별시 광진구 자양동 711,37.5349425,127.0753715,1,자양우성4차아파트,37.5351857,127.0757955,36,0
서울특별시 광진구 자양동 714,37.5343737,127.0812261,1,느티나무약국,37.5356457,127.0836106,303,1
서울특별시 광진구 자양동 718,37.533038,127.0761433,1,서울굿모닝내과,37.5332146,127.0762218,289,1
서울특별시 광진구 자양동 722,37.5330768,127.0849946,1,자양하늘채베르 앞,37.53209682,127.0843791,358,2
서울특별시 광진구 자양동 738,37.5304135,127.0744479,1,자양나들목,37.5297299,127.0749769,888,3
서울특별시 광진구 자양동 74-14,37.5323179,127.0667332,2,뚝섬유원지역 1번 출구 부근,37.532187,127.067276,533,3
서울특별시 광진구 자양동 740,37.530402,127.0787441,1,이튼플러스치과,37.5322128,127.0795486,222,1
서울특별시 광진구 자양동 747,37.5295905,127.0749877,1,자양나들목,37.5297299,127.0749769,7,0
서울특별시 광진구 자양동 761-2,37.5345339,127.0700267,1,신양초등학교,37.53526307,127.0690822,140,1
서울특별시 광진구 자양동 774-16,37.5374064,127.0807564,1,겨울자전거_대림부동산,37.53723994,127.0809106,494,2
서울특별시 광진구 자양동 779-12,37.5381256,127.0830299,1,구의 웰츠타워,37.53805142,127.0834589,386,2
서울특별시 광진구 자양동 779-22,37.5376795,127.0827736,1,구의현대홈시티,37.5374247,127.0830692,24,0
서울특별시 광진구 자양동 781-3,37.5373407,127.0877991,1,대박집앞,37.538116,127.089644,292,2
서울특별시 광진구 자양동 783-1,37.5363514,127.0745967,11,자양우성4차아파트,37.5351857,127.0757955,212,0
서울특별시 광진구 자양동 783-2,37.5370207,127.0740764,12,스타시티몰 2,37.5378028,127.0726322,239,1
서울특별시 광진구 자양동 786-1,37.5330105,127.0710976,1,이튼타워리버5차,37.5321852,127.0690312,241,0
서울특별시 광진구 자양동 787,37.5322136,127.0716289,1,이튼타워리버5차,37.5321852,127.0690312,346,1
서울특별시 광진구 자양동 788,37.5329775,127.0697684,3,이튼타워리버5차,37.5321852,127.0690312,105,0
서울특별시 광진구 자양동 789,37.5334856,127.0720332,3,이튼타워리버5차,37.5321852,127.0690312,383,1
서울특별시 광진구 자양동 791,37.5376403,127.0743509,1,중앙농협 건대점,37.5382134,127.0755469,282,1
서울특별시 광진구 자양동 792,37.5334492,127.0704997,1,이튼타워리버5차,37.5321852,127.0690312,253,1
서울특별시 광진구 자양동 792-1,37.5335982,127.0698332,2,coffee the sol,37.5329888,127.0680604,215,0
서울특별시 광진구 자양동 794-10,37.5365651,127.0766832,1,LG 베스트 샾,37.5378993,127.0763301,831,3
서울특별시 광진구 자양동 8-1,37.540635,127.0676234,1,KB국민은행 건대점,37.5412378,127.0671233,1308,9
서울특별시 광진구 자양동 8-6,37.5409574,127.0672651,1,KB국민은행 건대점,37.5412378,127.0671233,1338,9
서울특별시 광진구 자양동 812,37.5332764,127.0687707,1,coffee the sol,37.5329888,127.0680604,96,0
서울특별시 광진구 자양동 829-2,37.5329631,127.0671841,1,coffee the sol,37.5329888,127.0680604,344,2
서울특별시 광진구 자양동 854,37.5318919,127.0679483,2,뚝섬유원지역 1번 출구 부근,37.532187,127.067276,185,0
서울특별시 광진구 자양동 854-2,37.5318669,127.0680542,5,뚝섬유원지역 1번 출구 부근,37.532187,127.067276,187,0
서울특별시 광진구 자양동 854-3,37.5327534,127.0674782,19,coffee the sol,37.5329888,127.0680604,272,1
서울특별시 광진구 자양동 855,37.5329888,127.0680604,12,coffee the sol,37.5329888,127.0680604,0,0
서울특별시 광진구 자양동 855-1,37.5336528,127.0682374,1,coffee the sol,37.5329888,127.0680604,97,0
서울특별시 광진구 자양동 855-2,37.5328185,127.0683211,10,coffee the sol,37.5329888,127.0680604,333,1
서울특별시 광진구 자양동 856,37.5321852,127.0690312,13,이튼타워리버5차,37.5321852,127.0690312,0,0
서울특별시 광진구 자양동 856-14,37.5324179,127.0686107,6,이튼타워리버5차,37.5321852,127.0690312,231,1
서울특별시 광진구 자양동 856-16,37.5316754,127.0694316,3,이튼타워리버5차,37.5321852,127.0690312,212,1
서울특별시 광진구 자양동 856-2,37.5315425,127.0694109,2,이튼타워리버5차,37.5321852,127.0690312,224,1
서울특별시 광진구 자양동 856-5,37.5325589,127.0695152,2,이튼타워리버5차,37.5321852,127.0690312,65,0
서울특별시 광진구 자양동 859,37.5377045,127.0815286,3,향만원 건너편,37.538154,127.081057,314,1
서울특별시 광진구 자양동 861-3,37.531692,127.074516,1,자양나들목,37.5297299,127.0749769,1031,4
서울특별시 광진구 자양동 92-1,37.5326842,127.0638822,1,뚝섬유원지역 1번 출구 부근,37.532187,127.067276,690,4
서울특별시 광진구 자양동 97-1,37.5329129,127.0617054,1,뚝섬유원지역 1번 출구 부근,37.532187,127.067276,4768,17
서울특별시 광진구 자양로18길 65,37.5383855,127.0871225,1,대박집앞,37.538116,127.089644,473,3
서울특별시 광진구 중곡동 115-9,37.5526145,127.0897322,3,아차산역 2번출구,37.55131682,127.0902279,508,2
서울특별시 광진구 중곡동 119-12,37.5549103,127.0862761,1,군자 정우빌딩 앞,37.55613197,127.0815418,814,4
서울특별시 광진구 중곡동 123-1,37.5575666,127.0876948,1,군자 정우빌딩 앞,37.55613197,127.0815418,1293,7
서울특별시 광진구 중곡동 132-11,37.556017,127.083444,1,군자 정우빌딩 앞,37.55613197,127.0815418,554,2
서울특별시 광진구 중곡동 150-100,37.5610743,127.0876217,1,중곡역 2번출구,37.56503466,127.0839516,726,4
서울특별시 광진구 중곡동 150-102,37.5608058,127.08764,1,중곡역 2번출구,37.56503466,127.0839516,756,4
서울특별시 광진구 중곡동 150-103,37.5614019,127.0871114,5,중곡역 2번출구,37.56503466,127.0839516,687,3
서울특별시 광진구 중곡동 150-405,37.5625351,127.0878078,2,중곡역 2번출구,37.56503466,127.0839516,620,3
서울특별시 광진구 중곡동 150-93,37.5612438,127.0875881,1,중곡역 2번출구,37.56503466,127.0839516,725,4
서울특별시 광진구 중곡동 157-1,37.557626,127.0800323,1,셀렉토커피 군자역점,37.557841,127.07978,599,2
서울특별시 광진구 중곡동 157-24,37.5570261,127.0806447,4,군자 LG 베스트샵 앞 ,37.55684347,127.0809078,343,1
서울특별시 광진구 중곡동 157-25,37.5570943,127.0803688,2,군자역 4번출구,37.55708774,127.0802359,8,0
서울특별시 광진구 중곡동 158-24,37.5581522,127.0802906,3,셀렉토커피 군자역점,37.557841,127.07978,320,2
서울특별시 광진구 중곡동 161-24,37.559133,127.0808367,1,셀렉토커피 군자역점,37.557841,127.07978,646,4
서울특별시 광진구 중곡동 163-2,37.5622358,127.0819075,2,중곡역 2번출구,37.56503466,127.0839516,366,1
서울특별시 광진구 중곡동 163-22,37.5611644,127.0814176,2,셀렉토커피 군자역점,37.557841,127.07978,590,2
서울특별시 광진구 중곡동 164-1,37.5627248,127.0822682,1,중곡역 2번출구,37.56503466,127.0839516,899,5
서울특별시 광진구 중곡동 165-1,37.5642418,127.0830708,1,중곡역 2번출구,37.56503466,127.0839516,450,2
서울특별시 광진구 중곡동 166-41,37.5643756,127.0832173,2,중곡역 2번출구,37.56503466,127.0839516,455,2
서울특별시 광진구 중곡동 167-4,37.5658437,127.084029,1,중곡역 2번출구,37.56503466,127.0839516,185,1
서울특별시 광진구 중곡동 168-7,37.5667663,127.084154,3,중곡역 2번출구,37.56503466,127.0839516,315,2
서울특별시 광진구 중곡동 18-27,37.56552,127.0868211,5,중곡역 2번출구,37.56503466,127.0839516,618,3
서울특별시 광진구 중곡동 18-28,37.5653346,127.0869039,2,중곡역 2번출구,37.56503466,127.0839516,606,3
서울특별시 광진구 중곡동 181-13,37.5696995,127.0797671,1,중곡역 2번출구,37.56503466,127.0839516,930,4
서울특별시 광진구 중곡동 204,37.5694444,127.0830552,2,중곡역 2번출구,37.56503466,127.0839516,752,3
서울특별시 광진구 중곡동 21-10,37.5632352,127.0872548,1,중곡역 2번출구,37.56503466,127.0839516,477,2
서울특별시 광진구 중곡동 21-11,37.5633933,127.0872269,1,중곡역 2번출구,37.56503466,127.0839516,461,3
서울특별시 광진구 중곡동 243-1,37.5626708,127.0805109,3,중곡역 2번출구,37.56503466,127.0839516,541,2
서울특별시 광진구 중곡동 243-2,37.5626375,127.0807938,2,중곡역 2번출구,37.56503466,127.0839516,481,2
서울특별시 광진구 중곡동 249-3,37.5639279,127.0768645,1,중곡역 2번출구,37.56503466,127.0839516,851,4
서울특별시 광진구 중곡동 249-41,37.5634171,127.076276,1,군자역 1번 출구,37.55774121,127.0786032,1343,8
서울특별시 광진구 중곡동 263-1,37.5645564,127.076628,3,중곡역 2번출구,37.56503466,127.0839516,936,6
서울특별시 광진구 중곡동 263-8,37.5677682,127.0789819,1,중곡역 2번출구,37.56503466,127.0839516,706,3
서울특별시 광진구 중곡동 263-9,37.5679982,127.0782926,1,중곡역 2번출구,37.56503466,127.0839516,1342,7
서울특별시 광진구 중곡동 264-5,37.5657514,127.0811792,1,중곡역 2번출구,37.56503466,127.0839516,512,2
서울특별시 광진구 중곡동 265-16,37.5577338,127.0802171,4,셀렉토커피 군자역점,37.557841,127.07978,589,2
서울특별시 광진구 중곡동 265-17,37.5572664,127.0819475,2,군자 LG 베스트샵 앞 ,37.55684347,127.0809078,208,1
서울특별시 광진구 중곡동 266-1,37.5655538,127.0865745,20,중곡역 2번출구,37.56503466,127.0839516,625,3
서울특별시 광진구 중곡동 266-5,37.5575789,127.087965,2,군자 정우빌딩 앞,37.55613197,127.0815418,1251,6
서울특별시 광진구 중곡동 267-4,37.5656216,127.0786035,2,중곡역 2번출구,37.56503466,127.0839516,1283,8
서울특별시 광진구 중곡동 271-2,37.5635574,127.0882955,1,중곡역 2번출구,37.56503466,127.0839516,565,3
서울특별시 광진구 중곡동 272-11,37.5573144,127.0797687,4,군자역 4번출구,37.55708774,127.0802359,300,1
서울특별시 광진구 중곡동 272-12,37.556515,127.0815322,22,군자 정우빌딩 앞,37.55613197,127.0815418,360,1
서울특별시 광진구 중곡동 272-14,37.5547665,127.0859372,3,군자 정우빌딩 앞,37.55613197,127.0815418,794,4
서울특별시 광진구 중곡동 272-9,37.5587168,127.0804144,3,셀렉토커피 군자역점,37.557841,127.07978,345,2
서울특별시 광진구 중곡동 273-1,37.565831,127.08425,30,중곡역 2번출구,37.56503466,127.0839516,421,2
서울특별시 광진구 중곡동 275-2,37.5658677,127.083464,1,중곡역 2번출구,37.56503466,127.0839516,239,1
서울특별시 광진구 중곡동 276-14,37.5591295,127.088251,1,군자 정우빌딩 앞,37.55613197,127.0815418,1481,10
서울특별시 광진구 중곡동 276-3,37.5635089,127.0861746,1,중곡역 2번출구,37.56503466,127.0839516,372,1
서울특별시 광진구 중곡동 277-1,37.5616195,127.0837403,1,중곡역 2번출구,37.56503466,127.0839516,481,1
서울특별시 광진구 중곡동 277-12,37.5636213,127.0781289,1,중곡역 2번출구,37.56503466,127.0839516,732,4
서울특별시 광진구 중곡동 277-5,37.5627244,127.0813506,1,중곡역 2번출구,37.56503466,127.0839516,432,1
서울특별시 광진구 중곡동 277-6,37.5626681,127.0809962,1,중곡역 2번출구,37.56503466,127.0839516,469,2
서울특별시 광진구 중곡동 278-2,37.5589995,127.0881182,1,군자 정우빌딩 앞,37.55613197,127.0815418,1476,10
서울특별시 광진구 중곡동 279-3,37.55895,127.0881014,1,군자 정우빌딩 앞,37.55613197,127.0815418,1479,10
서울특별시 광진구 중곡동 280-4,37.5627804,127.0809336,1,중곡역 2번출구,37.56503466,127.0839516,468,1
서울특별시 광진구 중곡동 289-2,37.569979,127.0864073,1,중곡역 2번출구,37.56503466,127.0839516,809,5
서울특별시 광진구 중곡동 29-2,37.5663535,127.0856367,1,중곡역 2번출구,37.56503466,127.0839516,393,2
서울특별시 광진구 중곡동 29-56,37.5680238,127.0857309,1,중곡역 2번출구,37.56503466,127.0839516,492,2
서울특별시 광진구 중곡동 290-1,37.5700177,127.085879,2,중곡역 2번출구,37.56503466,127.0839516,719,3
서울특별시 광진구 중곡동 292,37.5688657,127.0864947,2,중곡역 2번출구,37.56503466,127.0839516,750,5
서울특별시 광진구 중곡동 298-1,37.5691412,127.0860306,1,중곡역 2번출구,37.56503466,127.0839516,588,2
서울특별시 광진구 중곡동 30-1,37.5650124,127.0857923,2,중곡역 2번출구,37.56503466,127.0839516,611,3
서울특별시 광진구 중곡동 30-78,37.5653894,127.0860934,3,중곡역 2번출구,37.56503466,127.0839516,611,3
서울특별시 광진구 중곡동 30-80,37.5649376,127.0845873,2,중곡역 2번출구,37.56503466,127.0839516,106,0
서울특별시 광진구 중곡동 30-81,37.5651253,127.0840328,5,중곡역 2번출구,37.56503466,127.0839516,106,0
서울특별시 광진구 중곡동 31-1,37.5640686,127.0835417,1,중곡역 2번출구,37.56503466,127.0839516,124,0
서울특별시 광진구 중곡동 31-38,37.5629236,127.0829219,1,중곡역 2번출구,37.56503466,127.0839516,371,2
서울특별시 광진구 중곡동 316-1,37.5692617,127.0873839,1,중곡역 2번출구,37.56503466,127.0839516,733,4
서울특별시 광진구 중곡동 341-13,37.5569429,127.0809355,2,군자 LG 베스트샵 앞 ,37.55684347,127.0809078,341,1
서울특별시 광진구 중곡동 40-14,37.5623967,127.0826701,2,중곡역 2번출구,37.56503466,127.0839516,355,1
서울특별시 광진구 중곡동 440,37.5556064,127.0923115,2,아차산역 2번출구,37.55131682,127.0902279,927,5
서울특별시 광진구 중곡동 477,37.5534609,127.0905362,1,아차산역 2번출구,37.55131682,127.0902279,555,3
서울특별시 광진구 중곡동 482-4,37.5588631,127.0899862,2,군자 정우빌딩 앞,37.55613197,127.0815418,1663,11
서울특별시 광진구 중곡동 56-18,37.5599992,127.0869194,1,중곡역 2번출구,37.56503466,127.0839516,830,3
서울특별시 광진구 중곡동 605-1,37.5707246,127.0864254,1,중곡역 2번출구,37.56503466,127.0839516,800,3
서울특별시 광진구 중곡동 606-1,37.5704724,127.0861422,2,중곡역 2번출구,37.56503466,127.0839516,735,3
서울특별시 광진구 중곡동 608-6,37.5702334,127.0858835,2,중곡역 2번출구,37.56503466,127.0839516,720,3
서울특별시 광진구 중곡동 639-1,37.5586629,127.077431,1,군자역 1번 출구,37.55774121,127.0786032,439,2
서울특별시 광진구 중곡동 639-2,37.5584223,127.0773554,1,군자역 1번 출구,37.55774121,127.0786032,466,2
서울특별시 광진구 중곡동 649-6,37.5576577,127.0792815,1,셀렉토커피 군자역점,37.557841,127.07978,275,1
서울특별시 광진구 중곡동 649-8,37.5578753,127.0795622,1,셀렉토커피 군자역점,37.557841,127.07978,18,0
서울특별시 광진구 중곡동 654,37.5601992,127.0760959,2,군자역 1번 출구,37.55774121,127.0786032,703,3
서울특별시 광진구 중곡동 659,37.5587607,127.0758397,1,군자역 1번 출구,37.55774121,127.0786032,630,3
서울특별시 광진구 중곡동 661,37.557262,127.0793437,3,셀렉토커피 군자역점,37.557841,127.07978,299,1
서울특별시 광진구 중곡동 668,37.5586673,127.0788773,1,군자역 1번 출구,37.55774121,127.0786032,338,2
서울특별시 광진구 중곡동 669,37.5582963,127.0777656,4,군자역 1번 출구,37.55774121,127.0786032,547,3
서울특별시 광진구 중곡동 672,37.5576689,127.0794849,2,셀렉토커피 군자역점,37.557841,127.07978,357,1
서울특별시 광진구 중곡동 675,37.5612523,127.0817291,12,셀렉토커피 군자역점,37.557841,127.07978,649,5
서울특별시 광진구 중곡동 676,37.5588578,127.0803378,1,셀렉토커피 군자역점,37.557841,127.07978,356,2
서울특별시 광진구 중곡동 79-3,37.5583179,127.0880213,1,군자 정우빌딩 앞,37.55613197,127.0815418,1332,7
서울특별시 광진구 중곡동 79-9,37.5576487,127.0882603,1,군자 정우빌딩 앞,37.55613197,127.0815418,1254,6
서울특별시 광진구 화양동 1-36,37.5438195,127.0726348,2,능동로분수광장옆,37.54348045,127.072413,1217,8
서울특별시 광진구 화양동 1-37,37.5437128,127.0728481,2,능동로분수광장옆,37.54348045,127.072413,1221,8
서울특별시 광진구 화양동 111-1,37.5470049,127.0745502,1,어린이대공원역 3번출구,37.54702433,127.0746327,7,0
서울특별시 광진구 화양동 111-110,37.5470601,127.0730964,1,어린이대공원역 4번출구,37.546818,127.0737281,59,0
서울특별시 광진구 화양동 111-119,37.5463013,127.0733575,1,화양동성당 옆,37.546504,127.073756,1038,6
서울특별시 광진구 화양동 111-146,37.5457135,127.0735988,1,화양동성당 옆,37.546504,127.073756,92,0
서울특별시 광진구 화양동 111-185,37.5468726,127.0741788,7,어린이대공원역 4번출구,37.5468488,127.0737587,102,1
서울특별시 광진구 화양동 111-196,37.5467783,127.0746322,1,어린이대공원역 3번출구,37.54702433,127.0746327,318,1
서울특별시 광진구 화양동 111-33,37.5478827,127.0707274,1,다이소 화양동점,37.5478835,127.0707552,0,0
서울특별시 광진구 화양동 111-72,37.5469628,127.0744421,4,어린이대공원역 3번출구,37.54702433,127.0746327,13,0
서울특별시 광진구 화양동 111-89,37.5456006,127.0739662,1,화양동성당 옆,37.546504,127.073756,183,1
서울특별시 광진구 화양동 164-1,37.5471331,127.0739626,2,어린이대공원역 4번출구,37.5468488,127.0737587,39,0
서울특별시 광진구 화양동 164-2,37.5459327,127.0734121,7,화양동성당 옆,37.546504,127.073756,1003,6
서울특별시 광진구 화양동 164-9,37.5425437,127.0718327,4,겨울자전거_긴자료코 앞,37.54283263,127.0718608,272,2
서울특별시 광진구 화양동 18-27,37.5480594,127.069588,1,육회2990 군자점 앞,37.548166,127.070298,97,1
서울특별시 광진구 화양동 18-28,37.5474329,127.0689671,1,육회2990 군자점 앞,37.548166,127.070298,232,2
서울특별시 광진구 화양동 190,37.5475874,127.0722794,1,다이소 화양동점,37.5478835,127.0707552,288,1
서울특별시 광진구 화양동 196-1,37.5475218,127.0725904,1,어린이대공원역 4번출구,37.546818,127.0737281,199,1
서울특별시 광진구 화양동 2-50,37.5441411,127.0725683,2,겨울자전거_리플레쉬 앞,37.54429817,127.0725386,1243,8
서울특별시 광진구 화양동 202,37.547401,127.0727461,1,어린이대공원역 4번출구,37.546818,127.0737281,183,1
서울특별시 광진구 화양동 21-1,37.5479882,127.0688012,1,하나은행 화양동지점,37.54819053,127.0675798,253,1
서울특별시 광진구 화양동 21-53,37.5471067,127.0670003,5,하나은행 화양동지점,37.54819053,127.0675798,130,0
서울특별시 광진구 화양동 21-6,37.5480602,127.0677085,3,하나은행 화양동지점,37.54819053,127.0675798,408,1
서울특별시 광진구 화양동 23-40,37.5468862,127.0670504,2,동부참사랑요양병원 앞,37.54581884,127.0661682,305,1
서울특별시 광진구 화양동 230,37.547176,127.0737165,1,어린이대공원역 4번출구,37.5468488,127.0737587,92,0
서울특별시 광진구 화양동 234,37.5445063,127.0658448,1,치아미치과,37.54511904,127.0657295,268,0
서울특별시 광진구 화양동 235,37.5440553,127.0655857,1,좋은이웃교회 오른편,37.54396697,127.065119,438,1
서울특별시 광진구 화양동 24-1,37.5467193,127.0668704,1,동부참사랑요양병원 앞,37.54581884,127.0661682,312,1
서울특별시 광진구 화양동 24-33,37.5441597,127.0653398,4,좋은이웃교회 오른편,37.54396697,127.065119,463,1
서울특별시 광진구 화양동 3-25,37.5433038,127.0718908,1,장수 분식 맞은편(구 예술의 전당),37.543401,127.072321,333,3
서울특별시 광진구 화양동 31-73,37.5459609,127.0675486,2,동부참사랑요양병원 앞,37.54581884,127.0661682,268,1
서울특별시 광진구 화양동 39-4,37.5449467,127.073278,1,겨울자전거_리플레쉬 앞,37.54429817,127.0725386,669,4
서울특별시 광진구 화양동 39-5,37.5460168,127.0736683,7,화양동성당 옆,37.546504,127.073756,79,0
서울특별시 광진구 화양동 4-1,37.5408043,127.0732433,3,KU융합과학기술원 주차 구역,37.541161,127.073867,78,0
서울특별시 광진구 화양동 4-12,37.5404425,127.072107,1,의생명과학연구관/생명과학관 사이 횡단보도,37.540203,127.072706,229,0
서울특별시 광진구 화양동 4-15,37.5407376,127.0711869,1,건대입구역 3번출구,37.540814,127.071222,9,0
서울특별시 광진구 화양동 4-16,37.5430462,127.0724552,1,장수 분식 맞은편(구 예술의 전당),37.543401,127.072321,1041,5
서울특별시 광진구 화양동 4-18,37.5431572,127.0723156,1,장수 분식 맞은편(구 예술의 전당),37.543401,127.072321,24,0
서울특별시 광진구 화양동 4-20,37.5406698,127.0714146,13,건대입구역 3번출구,37.540814,127.071222,786,3
서울특별시 광진구 화양동 4-4,37.5392379,127.0738309,1,건대아동교육아카데미앞 ,37.53915232,127.0736253,194,0
서울특별시 광진구 화양동 4-9,37.5405378,127.0688968,1,KB국민은행 건대점,37.5412378,127.0671233,175,1
서울특별시 광진구 화양동 41-3,37.5454592,127.0661492,1,동부참사랑요양병원 앞,37.54581884,127.0661682,51,0
서울특별시 광진구 화양동 41-8,37.5453368,127.0660779,2,치아미치과,37.54511904,127.0657295,416,1
서울특별시 광진구 화양동 42-18,37.54302,127.0648661,1,좋은이웃교회 오른편,37.54396697,127.065119,105,0
서울특별시 광진구 화양동 42-24,37.5431668,127.064954,1,좋은이웃교회 오른편,37.54396697,127.065119,311,0
서울특별시 광진구 화양동 48-10,37.5410705,127.0675769,6,KB국민은행 건대점,37.5412378,127.0671233,43,0
서울특별시 광진구 화양동 48-14,37.5411488,127.0679331,1,KB국민은행 건대점,37.5412378,127.0671233,115,1
서울특별시 광진구 화양동 48-7,37.5415499,127.0661817,1,커먼그라운드,37.54141471,127.0659811,402,3
서울특별시 광진구 화양동 48-9,37.5412642,127.0682878,3,KB국민은행 건대점,37.5412378,127.0671233,140,1
서울특별시 광진구 화양동 49-9,37.5420462,127.0651456,1,덴간호학원 건대점,37.54164558,127.0659092,820,6
서울특별시 광진구 화양동 490-2,37.5460129,127.076516,4,건국문화사,37.54546537,127.0764094,593,4
서울특별시 광진구 화양동 495-1,37.5461344,127.0760933,1,어린이 대공원 부근 가츠시,37.546446,127.075817,281,1
서울특별시 광진구 화양동 5-52,37.5416936,127.071386,3,서울교통공사기술관리소앞,37.541336,127.071465,364,2
서울특별시 광진구 화양동 50-1,37.5423197,127.0646508,5,성수사거리 기아 성수지점 앞,37.5422156,127.0641864,97,0
서울특별시 광진구 화양동 50-2,37.5425292,127.0645288,6,성수사거리 기아 성수지점 앞,37.5422156,127.0641864,173,1
서울특별시 광진구 화양동 50-4,37.5425244,127.0651824,2,성수사거리 기아 성수지점 앞,37.5422156,127.0641864,136,1
서울특별시 광진구 화양동 50-7,37.5423013,127.0647273,5,성수사거리 기아 성수지점 앞,37.5422156,127.0641864,97,0
서울특별시 광진구 화양동 523-1,37.5457898,127.0778225,2,피자유니온,37.545763,127.07735,698,4
서울특별시 광진구 화양동 526-34,37.5391326,127.0747285,4,겨울자전거_카페인모아,37.5384597,127.0753355,898,3
서울특별시 광진구 화양동 6-1,37.5403776,127.0705256,1,건대입구역 4번출구 앞 자전거 거치대,37.539966,127.071014,1014,5
서울특별시 광진구 화양동 6-3,37.5405069,127.0705832,9,건대입구역 3번출구,37.540814,127.071222,850,4
서울특별시 광진구 화양동 7-3,37.5408156,127.0690315,2,KB국민은행 건대점,37.5412378,127.0671233,173,1
서울특별시 광진구 화양동 7-44,37.5409582,127.0684686,4,KB국민은행 건대점,37.5412378,127.0671233,122,1
서울특별시 광진구 화양동 7-47,37.5406706,127.0689886,2,KB국민은행 건대점,37.5412378,127.0671233,175,1
서울특별시 광진구 화양동 90-4,37.5451677,127.0728171,1,겨울자전거_리플레쉬 앞,37.54429817,127.0725386,98,0
